"–û–ø—è—Ç—å –Ω–∞–≤–∞–ª—å–Ω—è—Ç–∞ –∑–∞–Ω—ã–ª–∏, –ø–ª–æ—Ö–æ –∏–º! –î–∞ –ø–æ—Å–º–æ—Ç—Ä–∏—Ç–µ –∏–∑ –∫–∞–∫–æ–π –¥—ã—Ä—ã –≥–∞—Ä–∞–Ω—Ç –ö–æ–Ω—Å—Ç–∏—Ç—É—Ü–∏–∏ —Å—Ç—Ä–∞–Ω—É –≤—ã—Ç–∞—â–∏–ª! –ó–∞–≤–æ–¥—ã –∏ —Ñ–∞–±—Ä–∏–∫–∏ —Ä–∞–±–æ—Ç–∞—é—Ç –Ω–∞ –ø–æ–ª–Ω—É—é –º–æ—â–Ω–æ—Å—Ç—å, –∫–æ–ª—Ö–æ–∑—ã –∏ —Å–æ–≤—Ö–æ–∑—ã –ø–æ–ª–Ω–æ—Å—Ç—å—é –æ–±–µ—Å–ø–µ—á–∏–≤–∞—é—Ç –ø–æ—Ç—Ä–µ–±–Ω–æ—Å—Ç–∏ –Ω–∞—Å–µ–ª–µ–Ω–∏—è –≤ –ø—Ä–æ–¥—É–∫—Ç–∞—Ö –ø–∏—Ç–∞–Ω–∏—è –∏ –∏–º–ø–æ—Ä—Ç–Ω—ã–µ –ø—Ä–æ–¥—É–∫—Ç—ã –ø—Ä–∞–∫—Ç–∏—á–µ—Å–∫–∏ –Ω–µ –∑–∞–∫—É–ø–∞—é—Ç—Å—è, —Å–æ–∑–¥–∞–Ω–æ –ø–æ —É–∫–∞–∑–∞–Ω–∏—é –ø—Ä–µ–∑–∏–¥–µ–Ω—Ç–∞ 20 –º–ª–Ω. –≤—ã—Å–æ–∫–æ—Ç–µ—Ö–Ω–æ–ª–æ–≥–∏—á–Ω—ã—Ö —Ä–∞–±–æ—á–∏—Ö –º–µ—Å—Ç –∏ –≤–µ–∑–¥–µ —Ç—Ä–µ–±—É—é—Ç—Å—è —Å–ø–µ—Ü–∏–∞–ª–∏—Å—Ç—ã, —Å–∞–º—ã–µ –Ω–∏–∑–∫–∏–µ –≤ –º–∏—Ä–µ –Ω–∞–ª–æ–≥–∏ –∏ —Å–∞–º—ã–µ –±–æ–ª—å—à–∏–µ –≤ –ï–≤—Ä–æ–ø–µ –∑–∞—Ä–ø–ª–∞—Ç—ã, –±–µ–Ω–∑–∏–Ω –∏ –¥–∏–∑—Ç–æ–ø–ª–∏–≤–æ —Å—Ç–æ—è—Ç –≤–æ–æ–±—â–µ –∫–æ–ø–µ–π–∫–∏, –ø–µ–Ω—Å–∏–æ–Ω–µ—Ä—ã –ø–æ–ª—É—á–∞—é—Ç –æ—á–µ–Ω—å –±–æ–ª—å—à—É—é –ø–µ–Ω—Å–∏—é –∏ –∫–∞–∫ –∏ –≥–æ–≤–æ—Ä–∏–ª –°–∏–ª—É–∞–Ω–æ–≤ —Å—Ç–∞–ª–∏ –ø—É—Ç–µ—à–µ—Å—Ç–≤–æ–≤–∞—Ç—å –ø–æ –º–∏—Ä—É –∏ –µ–∑–¥–∏—Ç—å –Ω–∞ –¥–æ—Ä–æ–≥–∏–µ –∫—É—Ä–æ—Ä—Ç—ã, –≤–µ–¥—å –æ–Ω–∏ –∑–∞—Å–ª—É–∂–∏–ª–∏ —ç—Ç–æ —Å–≤–æ–∏–º —á–µ—Å—Ç–Ω—ã–º —Ç—Ä—É–¥–æ–º.  –ò –Ω–µ –ª–∞–∑–∞—é—Ç –ø–æ –ø–æ–º–æ–π–∫–∞–º —É –ü—è—Ç–µ—Ä–æ—á–µ–∫ –∏ –î–∏–∫—Å–∏, —á—Ç–æ–±—ã –Ω–∞–π—Ç–∏ –ø—Ä–æ—Å—Ä–æ—á–∫—É –∏ –¥–æ—Ç—è–Ω—É—Ç—å –¥–æ —Å–ª–µ–¥—É—é—â–µ–π –ø–µ–Ω—Å–∏–∏. –ì—Ä–æ–º–∞–¥–Ω—ã–µ –¥–µ—Ç—Å–∫–∏–µ –ø–æ—Å–æ–±–∏—è —Å—Ç–∏–º—É–ª–∏—Ä—É—é—Ç —Ä–æ–∂–¥–∞–µ–º–æ—Å—Ç—å, —Å–º–µ—à–Ω—ã–µ —Ü–µ–Ω—ã –∑–∞ –ñ–ö–• –∏ –ø—Ä–æ–µ–∑–¥, –º–∏–∑–µ—Ä–Ω—ã–µ —Ü–µ–Ω—ã –Ω–∞ –æ–¥–µ–∂–¥—É –∏ –ø—Ä–æ–¥—É–∫—Ç—ã, –ø–æ–ª–Ω–æ—Å—Ç—å—é –¥–æ—Å—Ç—É–ø–Ω—ã–µ –∏ –±–µ—Å–ø–ª–∞—Ç–Ω—ã–µ –æ–±—Ä–∞–∑–æ–≤–∞–Ω–∏–µ –∏ –º–µ–¥–∏—Ü–∏–Ω–∞. –û–ø—è—Ç—å –∂–µ –∑–∞–±–æ—Ç–∞ –æ –≤–µ—Ç–µ—Ä–∞–Ω–∞—Ö! –°–µ–π—á–∞—Å –∏—Ö –±—É–¥—É—Ç –Ω–∞ –ø–æ–ª–∏–≥—Ä–∞—Ñ–µ –ø—Ä–æ–≤–µ—Ä—è—Ç—å –Ω–∞ –ø—Ä–µ–¥–º–µ—Ç —Å–æ—Ç—Ä—É–¥–Ω–∏—á–µ—Å—Ç–≤–∞ —Å —Ñ–∞—à–∏—Å—Ç–∞–º–∏, –¥–∞ –∏ –ø–æ 75000 –∏–º –≥–∞—Ä–∞–Ω—Ç –æ–±–µ—â–∞–ª –∫ –ø—Ä–æ—à–ª–æ–º—É –¥–Ω—é –ü–æ–±–µ–¥—ã.–ü–æ–∫–∞ –ø—Ä–∞–≤–¥–∞ –Ω–µ –¥–∞–ª, –Ω–æ –≤—Å–µ–º—É —Å–≤–æ—ë –≤—Ä–µ–º—è.  –í—ã—Å–æ—á–∞–π—à–µ–µ –∫–∞—á–µ—Å—Ç–≤–æ –ø—Ä–æ–¥—É–∫—Ç–æ–≤ –∏ —Ç–æ–≤–∞—Ä–æ–≤ –Ω–∞—Ä–æ–¥–Ω–æ–≥–æ –ø–æ—Ç—Ä–µ–±–ª–µ–Ω–∏—è, —Å–∞–º–∞—è –±–æ–ª—å—à–∞—è –≤ –º–∏—Ä–µ –ø—Ä–æ–¥–æ–ª–∂–∏—Ç–µ–ª—å–Ω–æ—Å—Ç—å –∂–∏–∑–Ω–∏. –õ—É—á—à–∏–µ –≤ –º–∏—Ä–µ –¥–æ—Ä–æ–≥–∏ –∏ –≤ –∫–∞–∂–¥–æ–π –¥–µ—Ä–µ–≤–Ω–µ –≤ –∫–∞–∂–¥–æ–º –¥–æ–º–µ –≥–∞–∑ –∏ –≥–æ—Ä—è—á–∞—è –≤–æ–¥–∞.... –û–ø—è—Ç—å –∂–µ –≤–∞–ª–µ–∂–Ω–∏–∫ —Ä–∞–∑—Ä–µ—à–∏–ª–∏ –≤ –ª–µ—Å–∞—Ö –±–µ—Å–ø–ª–∞—Ç–Ω–æ —Å–æ–±–∏—Ä–∞—Ç—å. –ê–Ω –Ω–µ—Ç, –ª–∏–±–µ—Ä–∞—Ö–∞–º –∏ –∞–≥–µ–Ω—Ç–∞–º –ù–∞–≤–∞–ª—å–Ω–æ–≥–æ –≤—Å–µ –º–∞–ª–æ, –≤—Å–µ –ø–ª–æ—Ö–æ. –†–∞–±–æ—Ç–∞—Ç—å –∏–¥–∏—Ç–µ, –∞ –Ω–µ –Ω–æ–π—Ç–µ.",0.0
–ø—Ä—É—Ñ—ã –¥–ª—è –≤–∞—Ç—ã,1.0
"–Ø –∞–±—Å–æ–ª—é—Ç–Ω–æ –Ω–∏—Ö—É—è –Ω–µ –ø–æ–Ω—è–ª, –Ω–æ –ø–æ–¥–¥–µ—Ä–∂–∏–≤–∞—é —Å—Ä–∞—á–∏ –ª–∏–±–µ—Ä–∞—Ö. –î–∞–∂–µ –µ—Å–ª–∏ —ç—Ç–∏ —Å—Ä–∞—á–∏ –≤–æ–∑–Ω–∏–∫–ª–∏ –Ω–∞ —Ä–æ–≤–Ω–æ–º –º–µ—Å—Ç–µ",0.0
"–°—É–∫–∞, —á—Ç–æ —Ç—É—Ç –ø—Ä–æ–∏—Å—Ö–æ–¥–∏—Ç??))",1.0
,0.0
"–î–µ–≥—Ä–∞–¥–∞—Ç –≤ –∑–∞–ª–∏–≤—à–µ–º. –ö—Ç–æ –≤—Å–µ —ç—Ç–∏ –ª—é–¥–∏ —Å—É–∫–∞? —è —Ç–∞–º –∫—Ä–æ–º–µ –∫–∞—Ü–∞ –∏ –∞–Ω–∞–ª—å–Ω–æ–≥–æ –Ω–∏–∫–æ–≥–æ –Ω–µ –∑–Ω–∞—é, –∞ –Ω—É –ª–æ—à–∞–¥—å –µ—â–µ.... –∏ —á—Ç–æ –≤–æ–æ–±—â–µ —É –Ω–∏—Ö —Ç–∞–º –ø—Ä–æ–∏—Å—Ö–æ–¥–∏—Ç?",1.0
"–ú–æ–ª—á–∞–∞–∞–∞—Ç—å! –ß—Ç–æ –∑–∞ —Ö—É–π–Ω—è —É –≤–∞—Å —Ç—É—Ç –Ω–∞ –≥–ª–∞–Ω–≥–µ?–Ø —Å—é–¥–∞ –ø—Ä–µ–∏—Å–ø–æ–ª–Ω—è—Ç—å—Å—è –ø—Ä–∏—Ö–æ–∂—É, –∞ –Ω–µ –î–æ–º-2 –ø–æ—á–∏—Ç–∞—Ç—å.",1.0
–≠—Ç–æ –Ω–∞ –∞–ª–±–∞–Ω—Å–∫–æ–º?,0.0
–ë–ª—è–¥–∏ –ø—É–∫  –ø—É–∫ –£–µ–±–∞–Ω—ã –ø—É–∫ –ø—É–∫–î–µ–≥–µ–Ω–µ—Ä–∞—Ç—ã –ø—É–∫ –ø—É–∫–ö–∞–∫–∞—è –∏–Ω—Ç–µ—Ä–µ—Å–Ω–∞—è –±–µ—Å–µ–¥–∞,1.0
–ñ–∞–±–∞ vs –ì–∞–¥—é–∫–∞–ü—Ä–µ–ª—é–¥–∏—è,1.0
–õ—É—á—à–µ –±—ã –ø–µ–Ω—Å–∏–æ–Ω–µ—Ä–∞–º —Ä–∞–∑–¥–∞–ª–∏,0.0
–ü—Ä–µ—Ü–µ–¥–µ–Ω—Ç,0.0
–ó–¥–æ–ª—å–Ω–∏–∫–æ–≤ - —ç—Ç–æ –∫—Ç–æ –≤–æ–æ–±—â–µ? –ö–∞—Ü –∏ –ù–∞–≤–∞–ª—å–Ω—ã–π —Ö–æ—Ç—è –±—ã –Ω–∞ —Å–ª—É—Ö—É.,0.0
–û–¥–º–µ–Ω—É —Å—Ç–∞–ª–æ –æ–±–∏–¥–Ω–æ —á—Ç–æ –≤ —Å–æ—Ä—Ç–∞—Ö –≥–æ–≤–Ω–∞ –æ–Ω –æ–¥–∏–Ω —Ä–∞–∑–±–∏—Ä–∞–µ—Ç—Å—è?–ö–∞–∫ –≥–ª—É–±–æ–∫–æ –æ–∫—É–Ω—É–ª—Å—è,0.0
">–û–¥–Ω–æ–º—É —á–µ–ª–æ–≤–µ–∫—É –Ω–∞–ø–∏—Å–∞–ª–∏ –ª–µ–≤—ã–µ –ª—é–¥–∏ —Å –ø—Ä–µ–¥–ª–æ–∂–µ–Ω–∏–µ–º, –æ—Ç –∫–æ—Ç–æ—Ä–æ–≥–æ –æ–Ω –í–ù–ï–ó–ê–ü–ù–û –æ—Ç–∫–∞–∑–∞–ª—Å—è>–í—ã–ª–æ–∂–∏–ª –ø–µ—Ä–µ–ø–∏—Å–∫—É>–î—Ä—É–≥–æ–π —á–µ–ª–æ–≤–µ–∫ –ø—Ä–æ—Å—Ç–æ —Ä–µ–ø–æ—Å—Ç–Ω—É–ª–ö–∞–∑–∞–ª–æ—Å—å –±—ã, —Ç—É—Ç –ø–æ—Ä–∞ —Å–∫–∞–∑–∞—Ç—å ""–æ–∫"" –∏ –Ω–µ –æ–±—Ä–∞—â–∞—Ç—å –≤–Ω–∏–º–∞–Ω–∏—è>–í–ù–ï–ó–ê–ü–ù–û –ø–æ—è–≤–ª—è–µ—Ç—Å—è —á–µ–ª–æ–≤–µ–∫, –∫–æ—Ç–æ—Ä—ã–π —É—Ç–≤–µ—Ä–∂–¥–∞–µ—Ç, —á—Ç–æ —ç—Ç–æ –≤—Å—ë - –Ω–∞—ë–±–∫–∞ –∏ –µ–≥–æ —Ä—É–∫ –¥–µ–ª–æ>–ß–µ–ª–æ–≤–µ–∫–∞ —Å–ø—Ä–∞–≤–µ–¥–ª–∏–≤–æ –Ω–∞–∑—ã–≤–∞—é—Ç –¥–µ–≥–µ–Ω–µ—Ä–∞—Ç–æ–º –∑–∞ —Ç–æ, —á—Ç–æ –æ–±–º–∞–Ω—É–ª –ª—é–¥–µ–π–î–µ–≥—Ä–∞–¥–∞—Ç —Ç–æ–ª—å–∫–æ –≤ –Ω–µ–¥–æ–ø—Ä–∞–Ω–∫–µ—Ä–µ –∏ –Ω–∞—Ö—Ä–µ–Ω–∞ —Ç—É—Ç –≤–æ–æ–±—â–µ –∫–æ–º—É-—Ç–æ —á—Ç–æ-—Ç–æ –ø—Ä–æ–≤–µ—Ä—è—Ç?",0.0
–ë–ª—ç—Ç –∞–≤—Ç–æ—Ä –Ω—É —Ç—ã –∏—Å—Ç–æ—Ä–∏—é —Å–æ–±—ã—Ç–∏–π —á—Ç–æ –ª–∏ –ª—É—á—à–µ –∏–ª–ª—é—Å—Ç—Ä–∏—Ä—É–π,0.0
–ú–æ—á–∞ –±–æ—Ä–µ—Ç—Å—è —Å –≥–æ–≤–Ω–æ–º? –Ø –Ω–∏—Ö—É—è –Ω–∏–ø–æ–Ω–µ–ª,1.0
"–í–ø—Ä–æ—á–µ–º, –ø–æ –ª–∏—Ü—É —ç—Ç–æ–≥–æ —Å—É—â–µ—Å—Ç–≤–∞ –≤–∏–¥–Ω–æ, —á—Ç–æ –ø—Ä—É—Ñ—ã –æ–Ω –Ω–µ —á–µ–∫–∞–µ—Ç.",1.0
"–ù–∏—Ö—É—è –Ω–µ –ø–æ–Ω—è—Ç–Ω–æ, –¥–∞ –∏ –Ω–µ –∏–Ω—Ç–µ—Ä–µ—Å–Ω–æ –≤ –ø—Ä–∏–Ω—Ü–∏–ø–µ",0.0
–ù–∏—Ö—É—è –Ω–µ  –ø–æ–Ω—è—Ç–Ω–æ. –ù–æ –≤—ã–≥–ª—è–¥–∏—Ç —Ç–∞–∫: –ì–µ–π—Å–∫–∏–µ –≥–µ–∏ –≤—ã—è—Å–Ω—è—é—Ç –º–µ–∂–¥—É –¥—Ä—É–≥ –¥—Ä—É–≥–æ–º –∫—Ç–æ –∏–∑ –Ω–∏—Ö —Å–∞–º—ã–π –≥–µ–π—Å–∫–∏–π –≥–µ–π.,1.0
–°—É—Ç—å –ø–æ–ª–∏–ª–æ–≥–∞ –≤ –æ–¥–Ω–æ–π –∫–∞—Ä—Ç–∏–Ω–∫–µ:,0.0
"–ù–µ, –Ω–µ –¥–ª—è –≤–∞—Ç—ã, –¥–ª—è —Å–æ–≤–∫–æ–≤",1.0
"–ö–æ—Ä–æ—á–µ, –∫–∞–∫ —è –ø–æ–Ω—è–ª, –∫–æ–º—É —Ç–æ –ø—Ä–µ–¥–ª–æ–∂–∏–ª–∏ –ø–æ–µ—Å—Ç—å –≥–æ–≤–Ω–æ –∑–∞ –¥–µ–Ω—å–≥–∏, –∞ —Ç–æ—Ç –¥–∞–∂–µ, –∫–æ–º—É –ø—Ä–µ–¥–ª–∞–≥–∞–ª–∏, –Ω–µ –ø—Ä–æ–≤–µ—Ä–∏–ª, –Ω–∞—Å—Ç–æ—è—â–∏–π –ª–∏ —á–µ–ª–æ–≤–µ–∫ –ø–∏—à–µ—Ç? –ö–µ–∫",0.0
"–Ω–∏—Ö—É—è –Ω–µ –ø–æ–Ω—è—Ç–Ω–æ, –∫–∞–∫–∏–µ —Ç–æ –ø–∏–¥–∞—Ä—Å–∫–∏–µ —Ä–∞–∑–±–æ—Ä–∫–∏ –ø–æ—Ö–æ–¥—É)",1.0
"–ö—Ç–æ –≤—Å–µ —ç—Ç–∏ –ª—é–¥–∏ –∏ –ø–æ—á–µ–º—É –æ–Ω–∏ —Ç–∞–º –≤—Å–µ —Ç–∞–∫–∏–µ, –∏ –ø–æ—á–µ–º—É –Ω–∞–º –Ω–µ –ø–æ—Ö—É–π? –ê, –Ω—É –¥–∞, —Ç–≤–∏—Ç–æ—Ä. –¢–∞–º –≤—Å–µ –¥–æ–ª–±–æ—ë–±—ã.",1.0
"–Ø –Ω–∏—Ö—É—è –Ω–µ –ø–æ–Ω—è–ª, –Ω–æ –≤–∏–Ω–æ–≤–∞—Ç –ü—É—Ç–∏–Ω –∏–ª–∏ –ü—Ä–∏–≥–æ–∂–∏–Ω?",1.0
–ö—Ç–æ –≤—Å–µ —ç—Ç–∏ –±—É–∫–≤—ã?,0.0
–í—ã –Ω–µ —Ä–µ—Ñ–ª–µ–∫—Å–∏—Ä—É–π—Ç–µ - —Ä–∞—Å–ø—Ä–æ—Å—Ç—Ä–∞–Ω—è–π—Ç–µ!,0.0
"–ê–Ω–∞–ª–æ–≥–∏—á–Ω–æ, –Ω–∏—Ö—Ä–µ–Ω–∞ –Ω–µ –ø–æ–Ω—è—Ç–Ω–æüòÑ",0.0
"–Ø –Ω–∏—Ö—É—è –Ω–µ –ø–æ–Ω—è–ª,–Ω–∞ –≤—Å—è–∫–∏–π —Å–ª—É—á–∞–π –≤ –∑–∞–ª–∏–≤—à–µ–º",0.0
