–î–≤–æ–µ–º—ã—Å-–ª–∏-–µüåö,0.0
,0.0
–ö—É—Ä—Å –°–≤–∞–Ω–∏–¥–∑–µ –ø–æ–≤—ã—Å–∏–ª—Å—è –ø–æ –æ—Ç–Ω–æ—à–µ–Ω–∏—é –∫ –¥–æ–ª–ª–∞—Ä—É –≤ —Å–≤—è–∑–∏ —Å –µ–≥–æ –∑–∞—è–≤–ª–µ–Ω–∏–µ–º.,0.0
"–ò—Å–∫—Ä–µ–Ω–Ω–µ–µ –∂–µ–ª–∞–Ω–∏–µ –≤—Å—Ç–∞—Ç—å –Ω–∞ –∫–æ–ª–µ–Ω–∏ –∏ –¥–æ–≤–µ—Ä–∏—Ç—å—Å—è –Ω–∞ –º–∏–ª–æ—Å—Ç—å –ø–æ–±–µ–¥–∏—Ç–µ–ª—é –Ω–µ —É–≥–∞—Å–∞–µ—Ç –≤ —ç—Ç–∏—Ö –¥–æ–ª–±–æ–µ–±–∞—Ö —Å 90-—Ö. –ü–æ—á–µ–º—É –¥–æ –Ω–∏—Ö –Ω–µ –¥–æ—à–ª–æ, —á—Ç–æ –Ω–∞—Å –ø—Ä–æ—Å—Ç–æ –ø–æ–∏–º–µ–ª–∏?!",1.0
"–ù—É –ø–æ –±–æ–ª—å—à–æ–º—É —Å—á—ë—Ç—É –æ–Ω –ø—Ä–∞–≤. –ü—Ä–∞–∫—Ç–∏—á–µ—Å–∫–∏ –≤—Å–µ —á–ª–µ–Ω—ã –Ω–∞—à–µ–≥–æ –ø—Ä–∞–≤–∏—Ç–µ–ª—å—Å—Ç–≤–∞ –∏–ª–∏ –∏—Ö —Å–µ–º—å–∏ –∂–∏–≤—É—Ç –∑–∞ –±—É–≥—Ä–æ–º,–∏–º–µ—é—Ç —Ç–∞–º –Ω–µ–¥–≤–∏–∂–∏–º–æ—Å—Ç—å,–±–∏–∑–Ω–µ—Å –∏ —Å—á–µ—Ç–∞ –≤ –±–∞–Ω–∫–∞—Ö. –ß–µ–º –Ω–µ –∏–Ω–æ–∞–≥–µ–Ω—Ç? –ü—Ä–æ—Å—Ç–æ —Å–º–µ—à–Ω–æ –∫–æ–≥–¥–∞ –ª—é–¥–∏ —Ç–∞–∫ –∏–ª–∏ –∏–Ω–∞—á–µ –ø—Ä–∏–Ω–∞–¥–ª–µ–∂–∞—â–∏–µ –¥—Ä—É–≥–∏–º —Å—Ç—Ä–∞–Ω–∞–º –≤–µ—Ä–µ—â–∞—Ç –Ω–∞ –∫–æ–≥–æ-—Ç–æ ""–æ–Ω –∏–Ω–æ–∞–≥–µ–Ω—Ç!""",0.0
"–æ–Ω –∞–±—Å–æ–ª—é—Ç–Ω–æ –ø—Ä–∞–≤,—ç—Ç–æ –∫–∞–∫ –æ—Ä—É–∂–∏–µ,—Å–º–æ—Ç—Ä—è –≤ —á—å–∏—Ö —Ä—É–∫–∞—Ö –Ω–∞—Ö–æ–¥–∏—Ç—Å—è,–µ—Å–ª–∏ —É –≥–∏—Ç–ª–µ—Ä–∞ –∏–ª–∏ –ø—É—Ç–ª–µ—Ä–∞ —ç—Ç–æ –≤–æ –∑–ª–æ",1.0
"–í—Å–µ–º –∫—Ç–æ —É–ø–æ–º–∏–Ω–∞–µ—Ç –ª–∏–±–µ—Ä–∞–ª–æ–≤: –∫–∞–∫ –∂–µ —Ö–æ—Ä–æ—à–æ, —á—Ç–æ –≤–∞—à–∏—Ö –¥–µ—Ç–µ–π –¥–∞–ª—å—à–µ —Å—Ç–∞–Ω–∫–∞ –Ω–µ –¥–æ–ø—É—Å—Ç—è—Ç üòä",0.0
"–†—É—Å—Å–∫–∏–µ –ª–∏–±–µ—Ä–∞–ª—ã,—Ö–ª–µ–±–æ–º –Ω–µ –∫–æ—Ä–º–∏,–ª—é–±—è—Ç –ø–æ–ª–∏–∑–∞—Ç—å –æ—á–∫–æ –∑–∞–ø–∞–¥—É,–æ—Å–æ–±–µ–Ω–Ω–æ –µ–≤—Ä–µ–∏-–ª–∏–±–µ—Ä–∞–ª—ã",1.0
"""–≠—Ç–æ –¥—Ä—É–≥–æ–µ"" –∫–∞–∫ —ç—Ç–∞–ª–æ–Ω",1.0
,0.0
–õ–∏–±–µ—Ä–∞—Ö–∏. –õ–∏–±–µ—Ä–∞—Ö–∏ –Ω–∏–∫–æ–≥–¥–∞ –Ω–µ –º–µ–Ω—è—é—Ç—Å—è.,1.0
,0.0
"–ö—É–∫–æ–ª–¥, –±–ª—è",1.0
"–ù—É, –≤–æ–æ–±—â–µ –∏ –ø—Ä–∞–≤–¥–∞ –∏–Ω—Ç–µ—Ä–µ—Å–Ω–æ —É–∑–Ω–∞—Ç—å, —á–µ–º –æ–Ω–∏ –æ—Ç–ª–∏—á–∞—é—Ç—Å—è. –ö—Ç–æ-–Ω–∏–±—É–¥—å –≤ –∫—É—Ä—Å–µ?",0.0
–†–æ—Å—Å–∏–π—Å–∫–∏–π –ª–∏–±–µ—Ä–∞–ª —Ç–æ–ª—å–∫–æ –∏ –∏—â–µ—Ç –∫–æ–º—É —Å–∞–ø–æ–≥–∏ –≤—ã–ª–∏–∑–∞—Ç—å —É–∂–µ 150 –ª–µ—Ç –ø–æ–¥—Ä—è–¥,1.0
–û–Ω–∏ —É–∂–µ –¥–∞–∂–µ –Ω–µ —Å—Ç–µ—Å–Ω—è—é—Ç—Å—è.,0.0
"–£ –Ω–∏—Ö –ª–∏–±–µ—Ä–∞—Ö–∏ –¥—Ä—É–≥–∏–µ, —Ö–æ—Ä–æ—à–∏–µ, –≤ –†–æ—Å—Å–∏–∏ –∂–µ –≤—Ä–µ–¥–Ω—ã–µ –¥–ª—è —Å—Ç—Ä–∞–Ω—ã",0.0
–ö–ª–∞—Å—Å–∏—á–µ—Å–∫–æ–µ —ç—Ç–æ –¥—Ä—É–≥–æ–µ,0.0
–ï–≤—Ä–µ–π,0.0
–ü–æ–Ω–∏–º–∞—Ç—å –Ω–∞–¥–æ!,0.0
(((–°–≤–∞–Ω–∏–¥–∑–µ))),0.0